<?xml version="1.0" encoding="UTF-8"?>
<project-private xmlns="http://www.netbeans.org/ns/project-private/1">
    <editor-bookmarks xmlns="http://www.netbeans.org/ns/editor-bookmarks/2" lastBookmarkId="0"/>
    <open-files xmlns="http://www.netbeans.org/ns/projectui-open-files/2">
        <group>
            <file>file:/C:/Users/manue/OneDrive/Escritorio/DesarrolloVideojuegos/CUARTO/ProgramacionEvolutiva/PE-G06/G06P1/G06P1/src/algoritmo/Individuo.java</file>
            <file>file:/C:/Users/manue/OneDrive/Escritorio/DesarrolloVideojuegos/CUARTO/ProgramacionEvolutiva/PE-G06/G06P1/G06P1/src/algoritmo/Poblacion.java</file>
        </group>
    </open-files>
</project-private>
